,Регион,1990,1991,1992,1993,1994,1995,1996,1997,1998,1999,2000,2001,2002,2003,2004,2005,2006,2007,2008,2009,2010,2011,2012,2013,2014,2015,2016,2017,2018,2019,2020
0,Белгородская область,0.7175,0.504,0.5378,0.5414,0.5992000000000001,0.8177000000000001,0.8161,0.7587999999999999,0.7669,0.7793,0.7037,0.5953999999999999,0.6631,0.6712,0.8074,0.8308,0.9388,1.064,1.1122,1.0973499999999998,1.1004,1.1482,1.2151500000000002,1.2946,1.4692,1.5549000000000002,1.3500999999999999,1.3005,1.2155,1.2604000000000002,1.1485999999999998
1,Брянская область,0.6331,0.5231,0.5725,0.4096,0.401,0.36219999999999997,0.2527,0.2535,0.26330000000000003,0.2766,0.2253,0.2369,0.2417,0.22180000000000002,0.229,0.1976,0.24630000000000002,0.2985,0.3217,0.35287,0.39089999999999997,0.4214,0.45302,0.5267999999999999,0.5507000000000001,0.6443,0.6651,0.5582999999999999,0.4031,0.4071,0.42669999999999997
2,Владимирская область,0.6289,0.4561,0.4511,0.5187999999999999,0.44010000000000005,0.3521,0.2953,0.2806,0.2858,0.2907,0.2806,0.246,0.2533,0.2794,0.32430000000000003,0.32689999999999997,0.3413,0.376,0.4194,0.45098,0.4809,0.43760000000000004,0.5077900000000001,0.5189,0.606,0.6467,0.6557000000000001,0.6954,0.6527999999999999,0.7454,0.7262000000000001
3,Воронежская область,0.9397000000000001,0.7454,0.6762999999999999,0.6538999999999999,0.5526,0.6971,0.6211,0.6211,0.5403,0.5534,0.5687000000000001,0.5846,0.6527999999999999,0.7502000000000001,0.7025,0.7844,0.8543,0.9743999999999999,1.1205,0.8877,1.0497,0.9962000000000001,1.1103699999999999,1.3487,1.5729000000000002,1.6269,1.679,1.6873,1.6910999999999998,1.8789,1.7258
4,Ивановская область,0.4988,0.3732,0.2315,0.2787,0.2857,0.2074,0.1536,0.1737,0.1273,0.16269999999999998,0.1055,0.0916,0.0987,0.1197,0.0901,0.1055,0.1794,0.142,0.1708,0.18647999999999998,0.19069999999999998,0.2166,0.22186,0.232,0.2526,0.2602,0.1768,0.3398,0.36910000000000004,0.3306,0.3332
5,Калужская область,0.5807,0.4126,0.4142,0.2836,0.36210000000000003,0.319,0.2024,0.3117,0.2007,0.225,0.1784,0.194,0.1982,0.21669999999999998,0.21480000000000002,0.2627,0.26489999999999997,0.4582,0.6315,0.45672,0.5007,0.5983999999999999,0.61278,0.6571,0.8078,0.7961,0.7373,0.8823,0.7872,0.7947000000000001,0.8192999999999999
6,Костромская область,0.36260000000000003,0.2856,0.2015,0.25,0.18769999999999998,0.16190000000000002,0.16169999999999998,0.1457,0.138,0.14880000000000002,0.1571,0.185,0.11220000000000001,0.105,0.08170000000000001,0.1167,0.1093,0.1404,0.149,0.18037999999999998,0.1514,0.1564,0.20467,0.2282,0.32830000000000004,0.32239999999999996,0.3092,0.3102,0.19690000000000002,0.21180000000000002,0.2585
7,Курская область,0.44989999999999997,0.29869999999999997,0.32130000000000003,0.26780000000000004,0.36989999999999995,0.2915,0.2534,0.161,0.22290000000000001,0.2377,0.1757,0.19269999999999998,0.1916,0.2759,0.2856,0.2975,0.3267,0.3758,0.4471,0.45615,0.3812,0.3944,0.42619,0.49610000000000004,0.5608,0.5672999999999999,0.5867,0.5905,0.5948,0.5538,0.5229
8,Липецкая область,0.575,0.4759,0.371,0.4422,0.44489999999999996,0.3404,0.307,0.2102,0.2293,0.2894,0.3212,0.38589999999999997,0.304,0.3475,0.42119999999999996,0.508,0.6207,0.705,0.7219,0.7314700000000001,0.7367999999999999,0.7617,0.80701,0.8581,1.0092,1.0605,1.0779,1.0842,0.903,1.2539,1.2318
9,Московская область,2.3799,1.7743,1.6184,1.9051,1.9701,2.3501,2.3741,2.6175,2.6132,2.7285999999999997,2.6109,2.8278000000000003,3.4148,4.1148,5.7201,5.2965,6.484,7.8052,7.8812,8.45196,7.939,8.244200000000001,6.61988,7.4065,9.944799999999999,9.623299999999999,8.9137,9.0777,8.8666,8.6135,9.040299999999998
10,Орловская область,0.4672,0.30569999999999997,0.2332,0.2282,0.2444,0.2161,0.22069999999999998,0.1477,0.1418,0.3604,0.24509999999999998,0.2462,0.2333,0.2394,0.24159999999999998,0.2479,0.2526,0.31,0.326,0.30163,0.2491,0.3335,0.35943,0.379,0.469,0.4793,0.36019999999999996,0.2675,0.2901,0.3025,0.4403
11,Рязанская область,0.4762,0.3535,0.2858,0.357,0.36769999999999997,0.35910000000000003,0.26839999999999997,0.2028,0.218,0.255,0.2553,0.1839,0.22180000000000002,0.2636,0.2706,0.30060000000000003,0.37660000000000005,0.4566,0.5029,0.50985,0.4663,0.4781,0.5120399999999999,0.5528,0.6031,0.6666,0.708,0.7125,0.7775,0.7987000000000001,0.647
12,Смоленская область,0.5719,0.4664,0.3445,0.2975,0.2955,0.306,0.30910000000000004,0.218,0.1235,0.1554,0.1696,0.1802,0.1956,0.26,0.2636,0.2696,0.29719999999999996,0.3003,0.3449,0.34566,0.348,0.3707,0.26115,0.4105,0.4486,0.5135,0.6301,0.4844,0.35969999999999996,0.4268,0.4442
13,Тамбовская область,0.44830000000000003,0.38539999999999996,0.3172,0.3449,0.2856,0.32780000000000004,0.2835,0.1923,0.207,0.1951,0.24109999999999998,0.22069999999999998,0.24819999999999998,0.2587,0.31110000000000004,0.3503,0.4209,0.5017,0.5604,0.55922,0.5691,0.6033,0.6356499999999999,0.7044,0.7705,0.8258,0.8327,0.8393999999999999,0.8589,0.92,0.7027
14,Тверская область,0.7607999999999999,0.5906,0.3232,0.3574,0.4348,0.39080000000000004,0.3343,0.2765,0.2602,0.2922,0.21769999999999998,0.2592,0.259,0.2925,0.32139999999999996,0.2912,0.3543,0.41869999999999996,0.3473,0.45037,0.45230000000000004,0.4219,0.41033,0.5048,0.5381,0.556,0.49560000000000004,0.5852,0.4249,0.6397,0.6602
15,Тульская область,0.5759,0.58,0.5057,0.36319999999999997,0.3035,0.2592,0.282,0.2707,0.22030000000000002,0.24209999999999998,0.2511,0.128,0.1923,0.22319999999999998,0.2159,0.1987,0.2508,0.3222,0.4171,0.39479000000000003,0.3948,0.2627,0.31017,0.503,0.58,0.7705,0.6226,0.6968,0.7348,0.6505,0.6798
16,Ярославская область,0.671,0.509,0.4799,0.4546,0.3536,0.288,0.2332,0.2226,0.2317,0.2211,0.13090000000000002,0.1626,0.1747,0.21480000000000002,0.2175,0.2238,0.2469,0.4203,0.3969,0.37638,0.2915,0.4112,0.46131,0.48710000000000003,0.6938,0.7165,0.7968999999999999,0.7537999999999999,0.7675,0.7777000000000001,0.7463
17,Город Москва,2.2565,2.4683,2.4805,2.2799,2.4744,2.5475,2.8556999999999997,3.0834,3.1130999999999998,3.0525,3.3423000000000003,3.6906,4.274100000000001,4.443,4.578600000000001,4.6485,4.7797,4.8246,3.2635,2.70349,1.7683,1.8075,3.04974,3.1459,3.3418,3.9195,3.3846,3.419,3.5412,5.1755,4.9794
18,Республика Карелия,0.3556,0.2984,0.237,0.1837,0.15880000000000002,0.1794,0.11220000000000001,0.12359999999999999,0.06559999999999999,0.0679,0.0625,0.07840000000000001,0.0691,0.0836,0.09490000000000001,0.0875,0.10959999999999999,0.13140000000000002,0.147,0.16473,0.1426,0.1778,0.19526,0.2186,0.241,0.271,0.2932,0.2223,0.271,0.2772,0.29419999999999996
19,Республика Коми,0.6666,0.5175,0.4515,0.4905,0.3426,0.39180000000000004,0.2401,0.2055,0.2313,0.2293,0.2627,0.1159,0.14880000000000002,0.1595,0.1405,0.15930000000000002,0.1762,0.1966,0.18430000000000002,0.12012,0.0803,0.1156,0.0876,0.1439,0.15580000000000002,0.2097,0.2397,0.2228,0.2902,0.2367,0.2042
20,Ненецкий автономный округ,0.023,0.027,0.0172,0.018699999999999998,0.0184,0.011,0.006,0.003,0.0056,0.0047,0.012199999999999999,0.0119,0.0048,0.0095,0.0083,0.032600000000000004,0.035,0.0367,0.0639,0.0426,0.0423,0.0304,0.0335,0.0347,0.0349,0.0355,0.0235,0.027899999999999998,0.0185,0.0101,0.0221
21,Архангельская область,0.6403,0.5512,0.4605,0.3282,0.2978,0.1918,0.1746,0.1455,0.10840000000000001,0.1056,0.06559999999999999,0.0879,0.1019,0.0846,0.09670000000000001,0.085,0.15819999999999998,0.22290000000000001,0.2829,0.2009,0.2459,0.2528,0.2693,0.2922,0.3212,0.3583,0.3425,0.3425,0.3425,0.3425,0.3425
22,Вологодская область,0.7107,0.6573,0.49539999999999995,0.48,0.4492,0.4238,0.3505,0.2542,0.26630000000000004,0.2617,0.2045,0.2394,0.2385,0.247,0.30010000000000003,0.293,0.3337,0.48869999999999997,0.5454,0.48988,0.41,0.43439999999999995,0.38905,0.5755,0.7744,0.8636,0.774,0.5423,0.5355,0.5851000000000001,0.5
23,Калининградская область,0.357,0.309,0.19090000000000001,0.332,0.2899,0.26339999999999997,0.2147,0.134,0.1615,0.1817,0.1718,0.1757,0.198,0.2323,0.245,0.266,0.5018,0.7533,0.8006,0.60784,0.5246000000000001,0.5448999999999999,0.5819099999999999,0.6387,1.1159000000000001,1.2072,1.2086,0.9024,0.916,0.973,1.164
24,Ленинградская область,0.8081,0.616,0.39080000000000004,0.43339999999999995,0.4834,0.4492,0.3349,0.2776,0.3635,0.37110000000000004,0.3915,0.4147,0.4332,0.4442,0.5108,0.5328999999999999,0.6714,0.844,0.908,1.0307,1.0435,1.0759,1.1494300000000002,1.3602,1.7875999999999999,2.323,2.1717,2.6258000000000004,2.6406,2.9301999999999997,2.666
25,Мурманская область,0.5786,0.4725,0.38689999999999997,0.30269999999999997,0.1306,0.0792,0.068,0.0291,0.023600000000000003,0.0144,0.027899999999999998,0.0078,0.0045,0.013300000000000001,0.0065,0.0081,0.013699999999999999,0.0127,0.0094,0.022109999999999998,0.027600000000000003,0.0232,0.024329999999999997,0.0248,0.0251,0.0334,0.0592,0.059,0.046299999999999994,0.0448,0.0356
26,Новгородская область,0.32139999999999996,0.2686,0.1487,0.1884,0.1685,0.1495,0.1395,0.1448,0.12079999999999999,0.116,0.089,0.09390000000000001,0.0975,0.10940000000000001,0.1482,0.1431,0.1631,0.2045,0.2585,0.24618,0.2326,0.2707,0.31339,0.3231,0.354,0.3593,0.3619,0.2316,0.26439999999999997,0.2866,0.2825
27,Псковская область,0.3374,0.29569999999999996,0.207,0.1864,0.1987,0.24780000000000002,0.12340000000000001,0.1087,0.1015,0.10590000000000001,0.0818,0.09240000000000001,0.1004,0.11359999999999999,0.13240000000000002,0.0996,0.1255,0.1313,0.1514,0.19179,0.1497,0.1777,0.21466,0.1846,0.298,0.3505,0.2723,0.2023,0.2359,0.30219999999999997,0.2726
28,Город Санкт-Петербург,1.0635999999999999,1.0475,0.6364,0.7656000000000001,0.902,1.0118,0.7139,0.7562000000000001,0.8493999999999999,1.0725,1.0809000000000002,1.1182,1.2137,1.7579,2.032,2.2734,2.3756999999999997,2.6369000000000002,3.2116,2.60318,2.6565,2.7056999999999998,2.57653,2.5835,3.2618,3.0307,3.1163000000000003,3.5361,3.9503000000000004,3.4711999999999996,3.3695999999999997
29,Республика Адыгея,0.1407,0.0963,0.0843,0.1055,0.0857,0.0988,0.0677,0.0805,0.0701,0.0876,0.0678,0.0735,0.1181,0.0582,0.0396,0.0716,0.0421,0.0687,0.0808,0.12569,0.135,0.12229999999999999,0.09774,0.10690000000000001,0.2709,0.2965,0.2352,0.24430000000000002,0.187,0.257,0.2581
30,Республика Калмыкия,0.15530000000000002,0.092,0.0624,0.05,0.0494,0.0511,0.0458,0.0415,0.0426,0.0697,0.0368,0.077,0.064,0.0502,0.0518,0.048799999999999996,0.0628,0.0777,0.0593,0.07232999999999999,0.0873,0.1039,0.08523,0.111,0.1252,0.126,0.0708,0.0963,0.09040000000000001,0.1012,0.0875
31,Республика Крым,0.1,0.1,0.1,0.1,0.1,0.1,0.1,0.1,0.1,0.1,0.1,0.1,0.1,0.1,0.1,0.1,0.1,0.1,0.1,0.1,0.1,0.1,0.1,0.1,0.6342000000000001,0.2526,0.2855,0.8337,0.7748999999999999,0.7997000000000001,0.809
32,Краснодарский край,1.4959,1.1501,1.0259,1.1587,1.5088,1.5780999999999998,1.4101,1.4369,1.4494,1.5888,1.3916,1.4402000000000001,1.645,1.5800999999999998,1.8095999999999999,1.9395,2.7048,3.7041,3.9375999999999998,3.4116500000000003,3.6055,3.6917,4.371,3.9486999999999997,4.759,4.6443,4.502,4.7284,4.414899999999999,4.532,5.1243
33,Астраханская область,0.4032,0.249,0.1984,0.22590000000000002,0.24359999999999998,0.3386,0.3401,0.36810000000000004,0.4203,0.4725,0.4849,0.49639999999999995,0.5209,0.5821000000000001,0.6306,0.6483,0.6688,0.7253,0.38239999999999996,0.47637999999999997,0.4997,0.5043,0.5111100000000001,0.5952000000000001,0.6237,0.5752999999999999,0.6029,0.4835,0.32830000000000004,0.3185,0.365
34,Волгоградская область,0.9252999999999999,0.7467,0.5313,0.6607999999999999,0.6126,0.6379,0.463,0.4182,0.3991,0.4654,0.4005,0.4073,0.4501,0.4118,0.5085,0.5147999999999999,0.638,0.7623,0.8202,0.72312,0.6668999999999999,0.6287,0.88478,0.8102999999999999,1.115,0.9117000000000001,0.754,0.7276,0.6102000000000001,0.7313999999999999,0.7707
35,Ростовская область,1.2337,0.9925,0.7556,0.8452999999999999,0.9947,1.0512000000000001,0.9559,0.7681,0.8429,0.9334,0.9558,0.9564,0.9839,1.0046,1.1192,1.1859000000000002,1.3881,1.7056,2.0084,1.80521,1.8086,1.8802999999999999,1.98403,2.1336,2.325,2.4086999999999996,2.2931,2.3339000000000003,2.3474,2.6113000000000004,2.6443000000000003
36,Город Севастополь,0.1,0.1,0.1,0.1,0.1,0.1,0.1,0.1,0.1,0.1,0.1,0.1,0.1,0.1,0.1,0.1,0.1,0.1,0.1,0.1,0.1,0.1,0.1,0.1,0.24459999999999998,0.105,0.2185,0.1743,0.3143,0.5689,0.6424
37,Республика Дагестан,0.8835,0.5251,0.3077,0.3452,0.37010000000000004,0.3985,0.3977,0.43560000000000004,0.3537,0.2846,0.43310000000000004,0.5678,0.4849,0.5202,0.578,0.6281,0.7152000000000001,0.8001,0.9071,1.0659100000000001,1.1238,1.2124000000000001,1.43587,1.5364,1.6477,1.8097999999999999,1.862,2.0000999999999998,0.976,1.0186,0.9697
38,Республика Ингушетия,0.5005,0.29419999999999996,0.12340000000000001,0.0009,0.0621,0.040100000000000004,0.039200000000000006,0.0658,0.011,0.0154,0.0146,0.0253,0.0144,0.0198,0.0178,0.0241,0.023899999999999998,0.231,0.062200000000000005,0.037329999999999995,0.1584,0.0818,0.08943999999999999,0.2506,0.2595,0.26230000000000003,0.2716,0.3093,0.2357,0.2801,0.18030000000000002
39,Кабардино-Балкарская Республика,0.2009,0.121,0.088,0.07479999999999999,0.1691,0.08059999999999999,0.1431,0.165,0.1676,0.1766,0.1926,0.2056,0.20980000000000001,0.2142,0.2214,0.2291,0.2293,0.237,0.24730000000000002,0.25557,0.2642,0.273,0.28186,0.2908,0.32839999999999997,0.37510000000000004,0.4124,0.4268,0.4357,0.4741,0.5004
40,Карачаево-Черкесская Республика,0.2905,0.1713,0.1056,0.09820000000000001,0.1026,0.1146,0.1267,0.1474,0.1703,0.10490000000000001,0.0502,0.07529999999999999,0.0664,0.0685,0.0632,0.062,0.08059999999999999,0.09290000000000001,0.0955,0.09008,0.0702,0.0824,0.08776,0.11309999999999999,0.1735,0.184,0.1651,0.2018,0.1748,0.21230000000000002,0.1278
41,Республика Северная Осетия-Алания,0.1574,0.1194,0.2086,0.1138,0.0804,0.0487,0.0868,0.1453,0.13,0.1315,0.1345,0.16390000000000002,0.1341,0.1359,0.1362,0.119,0.1579,0.1755,0.19690000000000002,0.19768,0.198,0.2001,0.20573,0.21030000000000001,0.1708,0.174,0.1775,0.19219999999999998,0.2099,0.2286,0.2394
42,Чеченская Республика,0.5005,0.29419999999999996,0.12340000000000001,0.018699999999999998,0.1042,0.1042,0.0,0.0,0.0,0.0,0.0,0.0,0.0405,0.0405,0.0405,0.0405,0.0803,0.0453,0.055,0.07484,0.1153,0.076,0.31591,0.36569999999999997,1.1401,0.9432,1.0415,1.0693,0.6003,0.6373,0.7562000000000001
43,Ставропольский край,1.1985,0.9107000000000001,0.8208,0.8867999999999999,0.9789,1.0207,0.8172,0.8138,0.7369,0.7791,0.6681,0.5729,0.5911000000000001,0.6333,0.6479,0.701,0.7957000000000001,0.9458,1.0651,1.07853,1.1009,1.267,1.33274,1.3745999999999998,1.2919,1.2483,1.101,0.8821,0.9248999999999999,1.1765,1.222
44,Республика Башкортостан,1.9145999999999999,1.8063,1.7487000000000001,1.7624000000000002,1.6793,1.6441,1.2926,1.5032,1.5055999999999998,1.4686,1.2549000000000001,1.4005999999999998,1.4067,1.4677,1.5092,1.6084,1.7050999999999998,1.8568,2.3518000000000003,2.3527199999999997,2.007,2.1093,2.32361,2.4853,2.6521,2.6906999999999996,2.6982,2.4605,2.29,2.3718000000000004,2.4551
45,Республика Марий Эл,0.4633,0.4579,0.2827,0.30469999999999997,0.31710000000000005,0.2117,0.1605,0.2369,0.2384,0.1509,0.1202,0.13140000000000002,0.1403,0.14709999999999998,0.1618,0.18209999999999998,0.229,0.2837,0.2988,0.29986,0.30360000000000004,0.3148,0.35139,0.36960000000000004,0.4157,0.4397,0.4661,0.4703,0.3367,0.3984,0.3698
46,Республика Мордовия,0.4716,0.3961,0.2382,0.288,0.1895,0.14909999999999998,0.16240000000000002,0.1665,0.1701,0.1755,0.18209999999999998,0.1835,0.1445,0.15369999999999998,0.1559,0.1807,0.2132,0.24280000000000002,0.2841,0.2766,0.289,0.29810000000000003,0.26575,0.30469999999999997,0.32080000000000003,0.3245,0.3285,0.3301,0.3336,0.3483,0.3246
47,Республика Татарстан,1.7089,1.5763,1.4525,1.2957,1.2273,1.3273,1.3874000000000002,1.4076300000000002,1.4667999999999999,1.5038,1.5026,1.5477,1.5434,1.5617,1.7684000000000002,1.6416,1.7783,2.0407,2.2225,2.01019,2.0273,2.3961,2.3995,2.4004000000000003,2.4048000000000003,2.4055999999999997,2.4065,2.4081,2.4099,2.6755,2.6801
48,Удмуртская Республика,0.8142,0.6447,0.7004,0.6289,0.4605,0.4764,0.3103,0.35,0.187,0.219,0.257,0.2767,0.3535,0.3147,0.3609,0.3717,0.4239,0.483,0.4864,0.46476999999999996,0.482,0.5049,0.51609,0.5326000000000001,0.633,0.6485,0.6501,0.6586000000000001,0.7171000000000001,0.7599,0.8026
49,Чувашская Республика - Чувашия,0.6253,0.6013999999999999,0.4269,0.4348,0.44530000000000003,0.4663,0.522,0.5766,0.42769999999999997,0.5007,0.5023,0.5078,0.5152,0.5428999999999999,0.6252000000000001,0.7329,0.8545,1.0045,0.9778,0.85221,0.8747,0.8864,0.8185,0.8371000000000001,0.8621,0.8328,0.6297999999999999,0.605,0.5975,0.6564,0.5776
50,Пермский край,1.1929,0.9496,0.9144,0.8357,0.8817,0.6281,0.45289999999999997,0.4395,0.4579,0.4146,0.3302,0.5254,0.36069999999999997,0.4155,0.4485,0.6382000000000001,0.7183999999999999,0.8841,0.8328,0.69509,0.7614,0.7487999999999999,0.82582,1.004,1.1128,1.1541,1.06,1.1011,1.0812,1.1728,1.2147999999999999
51,Кировская область,0.8591,0.7193999999999999,0.5445,0.5313,0.4496,0.42010000000000003,0.3743,0.251,0.2314,0.24209999999999998,0.221,0.21880000000000002,0.19019999999999998,0.1611,0.2304,0.25739999999999996,0.3085,0.3758,0.4258,0.33587,0.3783,0.4054,0.40916,0.48710000000000003,0.6845,0.7266,0.6621,0.5458,0.5526,0.5038,0.4604
52,Нижегородская область,1.2394,0.9679,0.9687,1.0653,0.9115,0.7367999999999999,0.6437,0.5634,0.5374,0.5742999999999999,0.577,0.5326000000000001,0.48460000000000003,0.5757000000000001,0.6842999999999999,0.7477999999999999,0.8265,1.072,1.3539,1.40394,1.4534,1.4697,1.50107,1.5304,1.5879,1.2590999999999999,1.2735999999999998,1.3080999999999998,1.3511,1.4101,1.477
53,Оренбургская область,0.8587,0.6731,0.5792,0.6196,0.49060000000000004,0.4973,0.44339999999999996,0.4595,0.39380000000000004,0.38189999999999996,0.3852,0.44110000000000005,0.4728,0.5217,0.5451,0.5808,0.6526000000000001,0.7524,0.7758999999999999,0.74007,0.5866,0.7433,0.7043200000000001,0.7908,1.1518,1.1901,0.966,0.892,0.9115,0.9935,0.9672000000000001
54,Пензенская область,0.6782,0.4977,0.4636,0.42519999999999997,0.4248,0.2939,0.2775,0.2547,0.2386,0.1859,0.22340000000000002,0.197,0.2508,0.2351,0.2792,0.3163,0.4033,0.5542999999999999,0.6051,0.61024,0.6247999999999999,0.6711,0.73942,0.8312,0.9027999999999999,0.931,0.8859,0.8869,0.6628,0.8373999999999999,0.852
55,Самарская область,1.1614,1.0474,1.0687,1.0817999999999999,0.8792000000000001,0.6904,0.6671,0.6889,0.6192000000000001,0.7776000000000001,0.6912,0.7486,0.8591,0.8498,0.854,0.9095,0.754,1.287,1.3282,1.0234299999999998,1.0411,1.331,1.48428,1.7387000000000001,1.888,2.2117,1.8747,1.7877,1.7822,1.841,1.4009
56,Саратовская область,1.1773,0.8672000000000001,0.7392000000000001,0.6745,0.6474,0.5999,0.6127,1.0072,0.7947000000000001,0.7079,0.4725,0.5092,0.5712,0.475,0.4845,0.6817000000000001,0.8101,1.0221,1.1125,1.1298499999999998,1.1442999999999999,1.1696,1.2358699999999998,1.3144,1.5207,1.14,1.2935999999999999,1.2101,1.2156,1.2023,1.1588
57,Ульяновская область,0.7239,0.6187999999999999,0.4205,0.5006,0.3852,0.3255,0.29969999999999997,0.3083,0.2936,0.2344,0.2142,0.24209999999999998,0.18030000000000002,0.1822,0.15719999999999998,0.2927,0.34,0.4294,0.5085,0.53064,0.4668,0.5538,0.60734,0.6337999999999999,0.7189,0.9348,0.967,0.9766,0.9811,1.0191000000000001,1.0342
58,Курганская область,0.5516,0.3916,0.2975,0.31610000000000005,0.2754,0.2392,0.1729,0.1891,0.1485,0.1196,0.0732,0.0856,0.1011,0.1018,0.0974,0.1237,0.1487,0.1945,0.2811,0.28858999999999996,0.15969999999999998,0.18259999999999998,0.24993,0.2797,0.38930000000000003,0.2926,0.2959,0.2718,0.2315,0.2508,0.26739999999999997
59,Свердловская область,2.0407,1.695,1.4888,1.5593,1.2381,1.1128,0.8907,0.8651,0.652,0.6644,0.6167,0.6362000000000001,0.7042,0.7787000000000001,0.891,1.105,1.2842,1.6588,1.702,1.5907,1.7701,1.8222,1.8694000000000002,1.7552999999999999,2.4239,2.4775,2.1066,2.144,2.0881999999999996,2.4146,2.3724000000000003
60,Ханты-Мансийский автономный округ,0.81,0.651,0.5179,0.6013999999999999,0.5227999999999999,0.7405,0.4978,0.483,0.3967,0.2829,0.3552,0.6892999999999999,0.6834,0.5829,0.7038,0.5822,0.7575,0.8722000000000001,0.8915,0.82721,0.5644,0.7574,1.02178,1.0442,1.1158,0.968,0.7465,0.8125,0.586,0.8022999999999999,0.9933
61,Ямало-Ненецкий автономный округ,0.477,0.316,0.2835,0.228,0.2223,0.194,0.162,0.16,0.0852,0.11090000000000001,0.0968,0.1178,0.18059999999999998,0.1272,0.15109999999999998,0.18259999999999998,0.2513,0.2535,0.2296,0.13538,0.1397,0.1678,0.19752,0.246,0.271,0.2968,0.2281,0.2361,0.186,0.1457,0.1669
62,Тюменская область,0.8423000000000002,0.6137,0.4816999999999999,0.5255000000000001,0.5491000000000001,0.5839000000000001,0.6055,0.4525999999999999,0.4171,0.3949000000000001,0.4538,0.4561000000000001,0.475,0.48130000000000006,0.5189,0.5569999999999999,0.7021000000000002,0.9404999999999998,1.0993000000000002,1.04348,1.1118000000000001,1.2224000000000002,1.34538,1.4632,1.7746,2.1315,1.6875,1.4199000000000002,1.3484,1.6145,1.5813
63,Челябинская область,1.5364,1.3073,1.1559000000000001,1.0263,0.9981,0.9006000000000001,0.7102,0.6897000000000001,0.6957000000000001,0.7245,0.6691,0.6574,0.7064,0.7389,0.8072999999999999,1.0186,1.2349,1.6730999999999998,2.024,1.43094,1.0729000000000002,1.3143,1.6765999999999999,1.7875999999999999,2.002,1.7819,1.3157999999999999,1.4173,1.5244000000000002,1.5066,1.5723
64,Республика Алтай,0.0911,0.0762,0.0707,0.0687,0.054799999999999995,0.044,0.037200000000000004,0.0343,0.0258,0.0212,0.0246,0.0154,0.0261,0.023,0.0414,0.0342,0.047200000000000006,0.0518,0.0584,0.06074,0.0683,0.07659999999999999,0.08063,0.0897,0.1004,0.11359999999999999,0.12459999999999999,0.13090000000000002,0.1083,0.0992,0.0888
65,Республика Тыва,0.1565,0.1172,0.074,0.037200000000000004,0.0264,0.0148,0.0114,0.0152,0.0174,0.0212,0.0312,0.0342,0.027,0.0198,0.0174,0.0169,0.0241,0.033100000000000004,0.0445,0.05028,0.0495,0.052399999999999995,0.055450000000000006,0.0788,0.09259999999999999,0.109,0.10779999999999999,0.101,0.09309999999999999,0.1119,0.111
66,Республика Хакасия,0.2954,0.2263,0.1675,0.1346,0.1589,0.1222,0.0958,0.0885,0.074,0.074,0.13140000000000002,0.066,0.1007,0.0998,0.1038,0.1212,0.138,0.16319999999999998,0.19269999999999998,0.18477000000000002,0.1406,0.15619999999999998,0.1735,0.2027,0.26189999999999997,0.3013,0.1916,0.2359,0.18819999999999998,0.24780000000000002,0.2876
67,Алтайский край,1.2521,0.9757,0.8576,0.77,0.5552999999999999,0.6227999999999999,0.4673,0.4542,0.45530000000000004,0.4604,0.415,0.43939999999999996,0.37189999999999995,0.4198,0.3541,0.3984,0.44060000000000005,0.5982000000000001,0.6319,0.65426,0.6596000000000001,0.6357,0.64578,0.6647000000000001,0.7547999999999999,0.89,0.7544,0.6299,0.7861,0.7577,0.8262999999999999
68,Красноярский край,1.7419,1.1643,0.9347000000000001,0.8907,0.8482000000000001,0.9101,0.583,0.6427,0.4933,0.42619999999999997,0.44339999999999996,0.37610000000000005,0.4918,0.5752999999999999,0.6628,0.7803,0.8985,1.1591,1.1016,0.86058,0.9879,1.0471,1.07677,1.134,1.2006,1.3111,1.3738,1.0565,1.1485,1.6959000000000002,1.3071
69,Иркутская область,1.5115999999999998,1.0931,0.9319,0.8478,0.613,0.5532,0.3996,0.2459,0.2312,0.296,0.18580000000000002,0.18330000000000002,0.2308,0.21619999999999998,0.26680000000000004,0.3025,0.3311,0.5751000000000001,0.5849,0.60222,0.6281,0.7552000000000001,0.87106,0.9732999999999999,0.8357,0.9226,0.9126000000000001,0.9738,0.9875,1.0242,1.1059
70,Кемеровская область,1.2447000000000001,0.9974,0.855,0.7812,0.5631,0.6504,0.547,0.4623,0.36319999999999997,0.4859,0.3377,0.3955,0.4633,0.5124,0.582,0.641,0.8039,1.0104,1.0631,1.06322,1.0029,1.0826,1.08545,1.0905,1.0977999999999999,1.002,1.0892,1.0003,0.6397999999999999,0.7657999999999999,0.8245
71,Новосибирская область,1.0935,0.8388,0.6233,0.5491,0.6901,0.6383,0.3999,0.4105,0.49489999999999995,0.4521,0.5049,0.4012,0.4176,0.5662999999999999,0.7045,0.7044,1.0732000000000002,1.2747,1.3922,1.21599,1.3799000000000001,1.5052,1.5709600000000001,1.7234,2.302,2.5879000000000003,2.2161999999999997,1.7290999999999999,1.7384000000000002,1.7592,1.9444000000000001
72,Омская область,1.1220999999999999,0.7649,0.6407,0.5084,0.5055,0.49760000000000004,0.3965,0.3705,0.2368,0.2617,0.2533,0.1736,0.2296,0.3182,0.5204,0.7559,0.906,1.1038,1.0157,0.60517,0.7067,0.8367,0.7386900000000001,0.8265,0.848,0.7852,0.7723,0.4582,0.5223,0.5376000000000001,0.5412
73,Томская область,0.5372,0.369,0.3286,0.36710000000000004,0.36269999999999997,0.3054,0.2268,0.21680000000000002,0.195,0.203,0.2052,0.2079,0.2137,0.2359,0.2973,0.3207,0.3745,0.4428,0.524,0.4335,0.437,0.4576,0.48969999999999997,0.5313,0.6191,0.6991,0.4782,0.4776,0.43689999999999996,0.43860000000000005,0.4515
74,Республика Бурятия,0.5354,0.3242,0.2714,0.3035,0.2326,0.2194,0.1713,0.1904,0.1574,0.171,0.1703,0.18359999999999999,0.1849,0.184,0.1968,0.2012,0.2174,0.2706,0.3072,0.24811000000000002,0.2717,0.3044,0.33936,0.38010000000000005,0.4094,0.4147,0.3358,0.2692,0.24780000000000002,0.2682,0.2758
75,Забайкальский край,0.6136,0.5412,0.408,0.2774,0.2779,0.22240000000000001,0.12190000000000001,0.1207,0.10859999999999999,0.0727,0.07479999999999999,0.09259999999999999,0.0814,0.1018,0.14709999999999998,0.1311,0.179,0.2327,0.2586,0.26909,0.2748,0.2769,0.30288,0.29510000000000003,0.3525,0.235,0.2917,0.2705,0.1865,0.21680000000000002,0.1804
76,Республика Саха (Якутия),0.7441,0.6906,0.5534,0.5527000000000001,0.6073,0.6423,0.5598,0.5144,0.2006,0.3369,0.24719999999999998,0.3556,0.2496,0.26230000000000003,0.2398,0.2605,0.2884,0.3202,0.2909,0.29342,0.303,0.31889999999999996,0.35619,0.4175,0.4738,0.5462,0.6204,0.6337999999999999,0.5301,0.5619,0.53
77,Камчатский край,0.21,0.1771,0.1035,0.1138,0.0715,0.0442,0.046200000000000005,0.038200000000000005,0.0242,0.011300000000000001,0.0075,0.0103,0.014199999999999999,0.0125,0.0166,0.013,0.0315,0.021,0.0634,0.06335,0.0578,0.0688,0.07237,0.0825,0.0877,0.0723,0.075,0.06670000000000001,0.0355,0.044700000000000004,0.0681
78,Приморский край,0.9041,0.6583,0.5333,0.4843,0.4613,0.3535,0.2335,0.2341,0.22130000000000002,0.2686,0.19140000000000001,0.22080000000000002,0.1754,0.21559999999999999,0.2152,0.24669999999999997,0.32,0.36669999999999997,0.37539999999999996,0.39894999999999997,0.5352,0.5918,0.6108300000000001,0.6147,0.6716,0.4985,0.49160000000000004,0.4121,0.5382,0.5592,0.6504
79,Хабаровский край,0.8042999999999999,0.605,0.4123,0.43860000000000005,0.3505,0.3078,0.2884,0.1997,0.1387,0.1308,0.14880000000000002,0.1296,0.1362,0.14,0.18080000000000002,0.1945,0.2051,0.26580000000000004,0.3039,0.37901999999999997,0.31510000000000005,0.402,0.34414999999999996,0.3251,0.4437,0.44989999999999997,0.36619999999999997,0.2697,0.2738,0.2945,0.2293
80,Амурская область,0.5795,0.3831,0.3336,0.3361,0.3502,0.354,0.2591,0.1356,0.1385,0.1189,0.1215,0.1017,0.11359999999999999,0.104,0.08009999999999999,0.1253,0.1386,0.169,0.1849,0.14958000000000002,0.1663,0.2409,0.31742000000000004,0.3635,0.3435,0.26130000000000003,0.22119999999999998,0.18159999999999998,0.15869999999999998,0.2049,0.1561
81,Магаданская область,0.1945,0.15919999999999998,0.0669,0.058,0.0318,0.019100000000000002,0.013,0.009,0.0052,0.0076,0.0062,0.007,0.0025,0.0070999999999999995,0.0038,0.009,0.013800000000000002,0.0148,0.015,0.01565,0.0159,0.0182,0.02002,0.015300000000000001,0.013,0.0207,0.0053,0.0064,0.0043,0.0074,0.009
82,Сахалинская область,0.26589999999999997,0.2723,0.188,0.1918,0.1489,0.138,0.0682,0.0304,0.052700000000000004,0.0466,0.0664,0.0384,0.0426,0.0428,0.0587,0.0444,0.0658,0.1056,0.1489,0.16466,0.2018,0.2394,0.21497,0.2912,0.3045,0.31210000000000004,0.3339,0.3477,0.26480000000000004,0.3315,0.4398
83,Еврейская автономная область,0.1148,0.09,0.0565,0.0475,0.038799999999999994,0.0329,0.0206,0.016399999999999998,0.0034,0.0101,0.008,0.0076,0.0167,0.0105,0.0106,0.0162,0.0211,0.03,0.0394,0.04883,0.0526,0.053,0.0541,0.0632,0.104,0.0596,0.07590000000000001,0.0504,0.027800000000000002,0.023399999999999997,0.0141
84,Чукотский автономный округ,0.0,0.0638,0.0366,0.0308,0.019100000000000002,0.0056,0.0034,0.0052,0.0044,0.0,0.0008,0.01,0.0126,0.0195,0.0248,0.0237,0.0066,0.0066,0.0016,0.00404,0.0003,0.0021000000000000003,0.0011799999999999998,0.0004,0.0018,0.0022,0.0025,0.0040999999999999995,0.0018,0.0013,0.0017
